"Key","Value"
"o.said","vpn"
"o.elsherbiny","vpn"
"o.elnahal","vpn"
"m.mahdy","vpn"
"m.khaled","vpn"
"m.abdelsamad","vpn"
"jac","vpn"
"h.yousry","vpn"
"h.ali","vpn"
"a.taher","vpn"
"a.ragab","vpn"
"a.nagi","vpn"
"a.elseid","vpn"
"a.gomaa","vpn"
"N/A","vpn"
"y.ashraf","vpn"
"n.mohamed","vpn"
"y.talaat","vpn"
"r.hassan","vpn"
"a.alosh","vpn"
"m.rizkallah","vpn"
"a.elgebaly","vpn"
"m.thabet","vpn"
"shaher","vpn"
"m.hamed","vpn"
"k.eldin","vpn"
"n.essam","vpn"
"s.gamal","vpn"
"z.iraky","vpn"
"i.mahmoud","vpn"
"a.hassan","vpn"
"m.eldeen","vpn"
"a.wael","vpn"
"m.fikry","vpn"
"m.kamal","vpn"
"o.assal","vpn"
"abdelrazek","vpn"
"m.samir","vpn"
"h.moustafa","vpn"
"i.mahgoub","vpn"
"m.nasser","vpn"
"m.yasser","vpn"
"y.helmy","vpn"
"o.gamal","vpn"
"y.farhan","vpn"
"h.aziz","vpn"
"ayman","vpn"
"m.saleh","vpn"
"m.ficky","vpn"
"a.fakharany","vpn"
"k.eid","vpn"
"a.khaled","vpn"
"n.etaby","vpn"
"abdelfattah.abdullah","hq"
"m.adel","vpn"
"Bassam.Emam","hq"
"Farida.Nasser","hq"
"Marwa.Sami","hq"
"m.shafie","vpn"
"e.ebrahim","vpn"
"s.nour","vpn"
"a.rannan","vpn"
"ragab","vpn"
"a.elsaied","vpn"
"s.alaa","vpn"
"s.ayman","vpn"
"f.refaat","vpn"
"s.hassan","vpn"
"o.fouad","vpn"
"i.ibrahim","vpn"
"m.abdelmonsef","vpn"
"h.ahmed","vpn"
"Khaled.Mohamed","hq"
"i.sami","vpn"
"fady.rezkalla","hq"
"khaled.aboelkasim","hq"
"s.samra","vpn"
"m.hussien","vpn"
"m.fathi","vpn"
"n.ahmed","vpn"
"m.kamona","vpn"
"mashreq_agent1","vpn"
"mashreq_agent2","vpn"
"salma.hassan","vpn"
"hajer.ahmed","vpn"
"m.wahba","vpn"
"s.farid","vpn"
"A.Mamdouh","vpn"
"Mahmoud.Elshafie","hq"
"m.elsebaie","vpn"
"y.weam","vpn"